date,adj_close
2024-08-20,135.910000
2024-08-21,136.590000
2024-08-22,137.110000
2024-08-23,138.330000
2024-08-26,139.620000
2024-08-27,139.290000
2024-08-28,138.490000
2024-08-29,140.410000
2024-08-30,140.990000
2024-09-03,143.850000
2024-09-04,141.230000
2024-09-05,143.760000
2024-09-06,140.850000
2024-09-09,138.140000
2024-09-10,138.380000
2024-09-11,138.900000
2024-09-12,140.820000
2024-09-13,142.230000
2024-09-16,144.530000
2024-09-17,145.910000
2024-09-18,146.070000
2024-09-19,146.090000
2024-09-20,146.680000
2024-09-23,149.280000
2024-09-24,150.170000
2024-09-25,149.300000
2024-09-26,140.430000
2024-09-27,140.900000
2024-09-30,142.060000
2024-10-01,144.530000
2024-10-02,147.080000
2024-10-03,149.250000
2024-10-04,151.670000
2024-10-07,151.720000
2024-10-08,151.930000
2024-10-09,156.830000
2024-10-10,155.990000
2024-10-11,159.090000
2024-10-14,159.960000
2024-10-15,155.360000
2024-10-16,156.090000
2024-10-17,155.410000
2024-10-18,156.210000
2024-10-21,155.210000
2024-10-22,158.480000
2024-10-23,159.170000
2024-10-24,161.790000
2024-10-25,159.290000
2024-10-28,158.100000
2024-10-29,157.800000
2024-10-30,159.930000
2024-10-31,160.970000
2024-11-01,159.340000
2024-11-04,163.130000
2024-11-05,171.040000
2024-11-06,179.370000
2024-11-07,181.050000
2024-11-08,185.380000
2024-11-11,187.970000
2024-11-12,187.340000
2024-11-13,186.080000
2024-11-14,184.700000
2024-11-15,189.010000
2024-11-18,191.860000
2024-11-19,196.270000
2024-11-20,195.560000
2024-11-21,200.240000
2024-11-22,199.870000
2024-11-25,193.850000
2024-11-26,196.110000
2024-11-27,194.170000
2024-11-29,196.970000
2024-12-02,187.560000
2024-12-03,190.060000
2024-12-04,188.440000
2024-12-05,191.220000
2024-12-06,187.370000
2024-12-09,180.220000
2024-12-10,178.690000
2024-12-11,179.600000
2024-12-12,178.910000
2024-12-13,178.000000
2024-12-16,176.820000
2024-12-17,174.720000
2024-12-18,165.770000
2024-12-19,166.340000
2024-12-20,170.450000
2024-12-23,171.970000
2024-12-24,174.240000
2024-12-26,171.520000
2024-12-27,171.000000
2024-12-30,171.380000
2024-12-31,172.100000
2025-01-02,176.490000
2025-01-03,179.490000
2025-01-06,179.480000
2025-01-07,181.080000
2025-01-08,185.090000
2025-01-10,186.370000
2025-01-13,190.390000
2025-01-14,194.160000
2025-01-15,198.130000
2025-01-16,205.310000
2025-01-17,207.980000
2025-01-21,209.430000
2025-01-22,203.690000
2025-01-23,203.810000
2025-01-24,201.570000
2025-01-27,192.090000
2025-01-28,195.110000
2025-01-29,195.580000
2025-01-30,197.850000
2025-01-31,190.440000
2025-02-03,195.210000
2025-02-04,193.350000
2025-02-05,197.830000
2025-02-06,192.540000
2025-02-07,194.910000
2025-02-10,199.310000
2025-02-11,196.600000
2025-02-12,194.100000
2025-02-13,197.810000
2025-02-14,198.720000
2025-02-18,202.680000
2025-02-19,203.490000
2025-02-20,198.080000
2025-02-21,193.880000
2025-02-24,192.050000
2025-02-25,188.620000
2025-02-26,192.150000
2025-02-27,189.220000
2025-02-28,195.200000
2025-03-03,189.350000
2025-03-04,183.870000
2025-03-05,180.770000
2025-03-06,176.090000
2025-03-07,176.030000
2025-03-10,172.670000
2025-03-11,175.330000
2025-03-12,180.990000
2025-03-13,176.950000
2025-03-14,184.150000
2025-03-17,190.240000
2025-03-18,187.990000
2025-03-19,192.530000
2025-03-20,193.070000
2025-03-21,191.020000
2025-03-24,198.330000
2025-03-25,198.920000
2025-03-26,195.510000
2025-03-27,192.570000
2025-03-28,191.420000
2025-03-31,193.990000
2025-04-01,196.500000
2025-04-02,199.070000
2025-04-03,174.880000
2025-04-04,155.980000
2025-04-07,159.930000
2025-04-08,155.380000
2025-04-09,168.030000
2025-04-10,157.180000
2025-04-11,158.270000
2025-04-14,159.400000
2025-04-15,162.610000
2025-04-16,167.100000
2025-04-17,168.920000
2025-04-21,159.220000
2025-04-22,165.370000
2025-04-23,166.750000
2025-04-24,171.280000
2025-04-25,171.880000
2025-04-28,173.450000
2025-04-29,172.350000
2025-04-30,166.300000
2025-05-01,157.970000
2025-05-02,157.520000
2025-05-05,153.990000
2025-05-06,153.090000
2025-05-07,154.620000
2025-05-08,155.750000
2025-05-09,155.270000
2025-05-12,161.720000
2025-05-13,164.940000
2025-05-14,164.050000
2025-05-15,161.970000
2025-05-16,161.230000
2025-05-19,160.200000
2025-05-20,157.580000
2025-05-21,156.060000
2025-05-22,154.810000
2025-05-23,156.150000
2025-05-27,157.120000
2025-05-28,155.060000
2025-05-29,154.230000
2025-05-30,153.680000
2025-06-02,157.980000
2025-06-03,160.500000
2025-06-04,156.360000
2025-06-05,159.720000
2025-06-06,162.610000
2025-06-09,158.420000
2025-06-10,160.690000
2025-06-11,165.210000
2025-06-12,164.590000
2025-06-13,170.110000
2025-06-16,166.890000
2025-06-17,165.090000
2025-06-18,164.770000
2025-06-20,166.070000
2025-06-23,160.300000
2025-06-24,163.220000
2025-06-25,165.910000
2025-06-26,171.110000
2025-06-27,169.690000
2025-06-30,169.400000
2025-07-01,167.350000
2025-07-02,169.110000
2025-07-03,168.850000
2025-07-07,167.820000
2025-07-08,169.710000
2025-07-09,166.100000
2025-07-10,166.150000
2025-07-11,167.280000
2025-07-14,167.820000
2025-07-15,164.760000
2025-07-16,161.530000
2025-07-17,162.000000
2025-07-18,166.510000
2025-07-21,158.910000
2025-07-22,158.160000
2025-07-23,160.490000
2025-07-24,161.190000
2025-07-25,161.150000
2025-07-28,162.820000
2025-07-29,165.000000
2025-07-30,162.870000
2025-07-31,162.910000
2025-08-01,159.490000
2025-08-04,161.350000
2025-08-05,160.190000
2025-08-06,159.620000
2025-08-07,163.380000
2025-08-08,161.610000
2025-08-11,162.610000
2025-08-12,164.500000
2025-08-13,163.230000
2025-08-14,162.030000
2025-08-15,159.750000
2025-08-18,157.660000
2025-08-19,157.390000
2025-08-20,159.440000
2025-08-21,158.690000
2025-08-22,159.820000
2025-08-25,157.790000
2025-08-26,159.650000
2025-08-27,161.690000
2025-08-28,163.450000
2025-08-29,164.230000
2025-09-02,163.210000
2025-09-03,160.110000
2025-09-04,163.030000
2025-09-05,158.930000
2025-09-08,157.140000
2025-09-09,157.890000
2025-09-10,159.970000
2025-09-11,161.760000
2025-09-12,162.880000
2025-09-15,159.890000
2025-09-16,159.510000
2025-09-17,163.010000
2025-09-18,166.540000
2025-09-19,160.970000
2025-09-22,161.740000
2025-09-23,166.560000
2025-09-24,168.570000
2025-09-25,168.120000
2025-09-26,170.520000
2025-09-29,165.530000
2025-09-30,164.010000
2025-10-01,164.530000
2025-10-02,159.230000
2025-10-03,158.880000
2025-10-06,159.180000
2025-10-07,162.940000
2025-10-08,164.940000
2025-10-09,157.900000
2025-10-10,149.200000
2025-10-13,148.580000
2025-10-14,147.210000
2025-10-15,147.880000
2025-10-16,143.220000
2025-10-17,145.540000
2025-10-20,147.760000
2025-10-21,148.220000
2025-10-22,151.210000
2025-10-23,153.500000
2025-10-24,150.530000
2025-10-27,150.740000
2025-10-28,149.330000
2025-10-29,148.190000
2025-10-30,148.330000
2025-10-31,151.800000
2025-11-03,153.820000
2025-11-04,152.320000
2025-11-05,160.320000
2025-11-06,167.410000
2025-11-07,169.560000
2025-11-10,167.020000
2025-11-11,170.710000
2025-11-12,168.100000
2025-11-13,167.240000
2025-11-14,170.580000
2025-11-17,165.870000
2025-11-18,167.110000
2025-11-19,167.690000
2025-11-20,167.730000
2025-11-21,168.060000
2025-11-24,167.390000
2025-11-25,168.570000
2025-11-26,170.610000
2025-11-28,172.760000
2025-12-01,174.110000
2025-12-02,169.300000
2025-12-03,173.170000
2025-12-04,177.400000
2025-12-05,178.110000
2025-12-08,176.500000
2025-12-09,181.020000
2025-12-10,180.810000
2025-12-11,183.030000
2025-12-12,180.530000
2025-12-15,179.660000
2025-12-16,173.840000
2025-12-17,179.720000
2025-12-18,176.000000
2025-12-19,176.330000
2025-12-22,180.000000
2025-12-23,182.100000
2025-12-24,181.060000
2025-12-26,180.240000
2025-12-29,181.260000
2025-12-30,182.940000
2025-12-31,181.820000
2026-01-02,184.050000
2026-01-05,180.800000
2026-01-06,175.320000
2026-01-07,172.010000
2026-01-08,174.190000
2026-01-09,174.290000
2026-01-12,172.440000
2026-01-13,177.660000
2026-01-14,180.120000
2026-01-15,179.280000
2026-01-16,182.660000
2026-01-20,182.380000
2026-01-21,187.300000
2026-01-22,188.680000
2026-01-23,188.720000
2026-01-26,189.720000
2026-01-27,192.200000
2026-01-28,198.210000
2026-01-29,198.590000
2026-01-30,199.040000
2026-02-02,196.760000
2026-02-03,201.680000
2026-02-04,202.470000
2026-02-05,203.570000
2026-02-06,209.400000
2026-02-09,215.600000
2026-02-10,214.970000
2026-02-11,219.770000
2026-02-12,216.160000
2026-02-13,221.730000
2026-02-17,222.130000
2026-02-18,225.430000
2026-02-19,222.000000
2026-02-20,229.120000
2026-02-23,229.640000
2026-02-24,229.490000
2026-02-25,227.920000
2026-02-26,228.990000
2026-02-27,233.530000
2026-03-02,237.300000
2026-03-03,241.690000
2026-03-04,240.710000
2026-03-05,236.710000
2026-03-06,234.920000
2026-03-09,232.480000
2026-03-10,230.230000
2026-03-11,234.240000
2026-03-12,235.870000
2026-03-13,237.740000
2026-03-16,236.850000
2026-03-17,238.520000
2026-03-18,231.730000
2026-03-19,237.220000
2026-03-20,235.120000
2026-03-23,237.610000
2026-03-24,243.730000
2026-03-25,243.100000
2026-03-26,248.090000
2026-03-27,247.820000
2026-03-30,245.700000
2026-03-31,248.320000
2026-04-01,242.430000
2026-04-02,242.040000
2026-04-06,243.280000
2026-04-07,248.560000
2026-04-08,241.650000
2026-04-09,242.390000
2026-04-10,240.750000
2026-04-13,238.190000
2026-04-14,236.980000
2026-04-15,236.450000
2026-04-16,237.500000
2026-04-17,233.230000
2026-04-20,229.280000
2026-04-21,230.410000
2026-04-22,234.450000
2026-04-23,237.600000
2026-04-24,238.370000
2026-04-27,238.970000
2026-04-28,245.980000
2026-04-29,247.730000
2026-04-30,258.870000
2026-05-01,253.100000
2026-05-04,257.770000
2026-05-05,258.510000
2026-05-06,248.340000
2026-05-07,251.260000
2026-05-08,246.960000
2026-05-11,252.000000
2026-05-12,253.970000
2026-05-13,262.060000
2026-05-14,266.230000
2026-05-15,270.720000
2026-05-18,273.420000
2026-05-19,274.910000
2026-05-20,269.430000
2026-05-21,268.980000
2026-05-22,275.460000
2026-05-26,268.630000
2026-05-27,262.420000
2026-05-28,260.910000
2026-05-29,253.880000
2026-06-01,257.870000
2026-06-02,262.070000
2026-06-03,261.470000
2026-06-04,266.120000
2026-06-05,262.860000
2026-06-08,262.900000
2026-06-09,262.940000
2026-06-10,271.270000
2026-06-11,268.110000
2026-06-12,271.330000
2026-06-15,261.110000
2026-06-16,258.470000
2026-06-17,259.520000
2026-06-18,257.380000
2026-06-22,263.280000
2026-06-23,267.470000
2026-06-24,265.080000
2026-06-25,272.180000
2026-06-26,271.340000
2026-06-29,270.090000
2026-06-30,266.890000
2026-07-01,256.610000
2026-07-02,257.670000
2026-07-06,262.290000
2026-07-07,272.530000
2026-07-08,276.570000
2026-07-09,271.750000
2026-07-10,272.080000
2026-07-13,278.100000
2026-07-14,280.290000
2026-07-15,276.860000
2026-07-16,278.960000
2026-07-17,281.590000
2026-07-20,281.030000
2026-07-21,278.910000
2026-07-22,283.120000
2026-07-23,284.250000
2026-07-24,280.020000
2026-07-27,266.390000
2026-07-28,260.430000
2026-07-29,263.440000
2026-07-30,267.090000
2026-07-31,270.370000
2026-08-03,264.600000
2026-08-04,262.980000
2026-08-05,260.110000
2026-08-06,268.230000
2026-08-07,256.870000
2026-08-10,266.210000
2026-08-11,265.450000
2026-08-12,268.670000
2026-08-13,266.880000
2026-08-14,275.790000
2026-08-17,277.940000
2026-08-18,297.770000
2026-08-19,297.090000
